{"cameraMode":{"drawMode":0,"name":"Shaded","section":"Shading Mode"},"sceneLighting":true,"audioPlay":false,"sceneViewState":{"m_AlwaysRefresh":false,"showFog":true,"showSkybox":true,"showFlares":true,"showImageEffects":true,"showParticleSystems":true,"showVisualEffectGraphs":true,"m_FxEnabled":true},"in2DMode":false,"pivot":{"x":-0.12226599454879761,"y":0.8670094013214111,"z":-0.08691811561584473},"rotation":{"x":0.24855417013168336,"y":-0.07690772414207459,"z":0.019801953807473184,"w":0.9653579592704773},"size":1.6673636436462403,"orthographic":false}